epoch,time,train/loss,metrics/accuracy_top1,metrics/accuracy_top5,val/loss,lr/pg0,lr/pg1,lr/pg2,lr/pg3,lr/pg4,lr/pg5,lr/pg6,lr/pg7
1,1386.76,5.36347,0.004,0.023,5.39402,4.8902e-05,1.63007e-05,4.8902e-05,1.63007e-05,4.8902e-05,1.63007e-05,4.8902e-05,1.63007e-05
2,2551.05,5.36036,0.004,0.024,5.37289,9.40251e-05,3.13417e-05,9.40251e-05,3.13417e-05,9.40251e-05,3.13417e-05,9.40251e-05,3.13417e-05
